宗教,场所名称,场所类别,所在区,地址,联系电话,邮政编码,负责人,文物保护级别,统一社会信用代码
道教（正一）,上海城隍庙,寺观教堂,黄浦区,上海市黄浦区方浜中路249号,021-63865700,200010,吉宏忠,省级文物保护单位,71310101E78905469L
道教（正一）,上海白云观,寺观教堂,黄浦区,上海市黄浦区大境路239号,021－63287236,200010,姚树良,市县级文物保护单位,71310101134538404W
基督教,上海市基督教沐恩堂,寺观教堂,黄浦区,上海市黄浦区西藏中路316号,021-63225069,200001,姜茜莉,省级文物保护单位,71310101424810007X
基督教,上海市基督教诸圣堂,寺观教堂,黄浦区,上海市黄浦区复兴中路425号,021-63850906,200025,王翠芳,市县级文物保护单位,71310101425071234A
基督教,上海市基督教清心堂,寺观教堂,黄浦区,上海市黄浦区大昌街30号,021-63770874,200011,刘利君,省级文物保护单位,71310101424815078C
基督教,上海市基督教惠中堂,寺观教堂,黄浦区,上海市黄浦区徐家汇路38-40号,021-63202456,200025,陈轶丽,无,71310101093484840D
佛教（汉语系）,上海法藏讲寺,寺观教堂,黄浦区,上海市黄浦区吉安路271号,021-63114971,200021,光慧,市县级文物保护单位,713101014250712425
佛教（汉语系）,上海慈修庵,寺观教堂,黄浦区,上海市黄浦区榛岭街15号,021-63282892,200010,常济,市县级文物保护单位,713101014248150274
佛教（汉语系）,上海沉香阁,寺观教堂,黄浦区,上海市黄浦区沉香阁路29号,021-63555508,200010,定慧,全国重点文物保护单位,713101014248159088
伊斯兰教,上海小桃园清真寺,寺观教堂,黄浦区,上海市黄浦区复兴东路小桃园街52 号,021-63775442,200010,金宏伟,省级文物保护单位,71310101666090882Q
伊斯兰教,上海福佑路清真寺,寺观教堂,黄浦区,上海市黄浦区福佑路378号,021--63282135,200010,韩法营,市县级文物保护单位,713101016660909114
伊斯兰教,上海清真女寺,寺观教堂,黄浦区,上海市黄浦区小桃园街24号,021--63773032,200010,刘健,无,713101016660908663
天主教,上海重庆南路天主堂,寺观教堂,黄浦区,上海市黄浦区重庆南路270号,021-64670199,200025,吴建林,无,71310101764281201Y
天主教,上海四川南路天主堂,寺观教堂,黄浦区,上海市黄浦区四川南路36号,021-63280293,200002,何为,省级文物保护单位,71310101754322815P
天主教,上海董家渡天主堂,寺观教堂,黄浦区,上海市黄浦区董家渡路185号,021-63787058,200010,陆裕春神父,省级文物保护单位,713101014248158600
天主教,上海巨鹿路君王堂,寺观教堂,黄浦区,上海市黄浦区巨鹿路361号,021-62178107,200020,赵保军,省级文物保护单位,71310101MCU181516P
基督教,上海市基督教国际礼拜堂,寺观教堂,徐汇区,上海市徐汇区衡山路53号,021-64377610,200031,郑贡达,省级文物保护单位,71310104E78811518M
基督教,上海市基督教国际礼拜堂龙华固定活动处所,固定处所,徐汇区,上海市徐汇区龙华西路31弄47号102室,021-34171700,200232,沈美英,无,71310104MCU082198F
基督教,上海市基督教国际礼拜堂长桥固定活动处所,固定处所,徐汇区,上海市徐汇区长桥四村79号103室,021-54937767,200231,徐美萍,无,71310104MCU0822190
基督教,上海市基督教国际礼拜堂漕溪一村固定活动处所,固定处所,徐汇区,上海市徐汇区漕溪路漕溪一村65号102室,021-54207115,200233,方金明,全国重点文物保护单位,71310104MCU082227T
基督教,徐汇区基督教漕溪固定活动处所,固定处所,徐汇区,上海市徐汇区漕溪路190号华林大厦4楼,021-54192206,200233,杨小弟,无,71310104MCU082243G
佛教（汉语系）,上海龙华古寺,寺观教堂,徐汇区,上海市徐汇区龙华路2853号,021-64566085*8106,200232,慧真 平熙,全国重点文物保护单位,71310104425012410B
佛教（汉语系）,上海宁国禅寺,寺观教堂,徐汇区,上海市徐汇区华泾路858号,021-54826580,200231,平熙,无,713101045947270119
天主教,徐家汇天主堂,寺观教堂,徐汇区,上海市徐汇区蒲西路158号,021-64382595,200030,顾张军,全国重点文物保护单位,7131010406601291XJ
天主教,紫阳玫瑰圣母堂,固定处所,徐汇区,上海市徐汇区龙吴路2573号,021-64382595,200231,张恒毅,无,7131010407812912XH
道教（正一）,上海三泾庙,寺观教堂,长宁区,上海市长宁区长宁路三泾北宅244号,021-62412538,200051,夏玉东,无,71310105690131904J
基督教,上海市基督教沪西礼拜堂,寺观教堂,长宁区,上海市长宁区长宁路1465号,021-62597389,200051,俞光植,无,713101054248401504
基督教,上海市基督教新泾礼拜堂,固定处所,长宁区,上海市长宁区哈密路77号,021-52189950,200335,俞光植,无,71310105594741585U
基督教,长宁区基督教天山固定活动处所,固定处所,长宁区,上海市长宁区仙霞路701号三楼,021-62332671,200336,周毅萍,无,71310105MCU08226XH
佛教（汉语系）,福缘禅寺,寺观教堂,长宁区,上海市长宁区镇宁路465弄31号,021-62138473,200051,仁净,无,71310105424840185N
天主教,曹家渡堂,寺观教堂,长宁区,上海市长宁区万航渡路1066号,021-62521055,200042,田愿想,无,713101055696468932
天主教,上海天主教息焉堂,寺观教堂,长宁区,上海市长宁区可乐路1号,021-52199769,200335,李艳军,省级文物保护单位,71310105062528812Y
天主教,上海长宁遵义南路天主堂,寺观教堂,长宁区,上海市长宁区万航渡路1066号,021-62090264,200336,李艳军,无,71310105062528951M
基督教,上海市基督教新恩堂,固定处所,静安区,上海市静安区乌鲁木齐北路25号,021-62580451,200040,张剑民,市县级文物保护单位,71310106MCU632743J
基督教,上海市基督教怀恩堂,寺观教堂,静安区,上海市静安区陕西北路375号,021-62585598,200040,詹敏,省级文物保护单位,71310106425012349H
基督教,基督教闸北堂,寺观教堂,静安区,上海市静安区宝通路340号,021-56629409,200071,秦小林,省级文物保护单位,71310106760585101D
基督教,基督教灵泉堂,固定处所,静安区,上海市静安区临汾路1555号,021-56410073,200433,葛蕤,无,71310106MCU0775161
佛教（汉语系）,上海静安寺,寺观教堂,静安区,上海市静安区南京西路1686号,021－62566366,200040,慧明,省级文物保护单位,71310106424845496E
佛教（汉语系）,宝华寺,寺观教堂,静安区,上海市静安区高平路1000号,021-56503032,200436,永觉,无,71310106424855125T
佛教（汉语系）,上海圆明讲堂,寺观教堂,静安区,上海市静安区延安西路434号,021-62483968,200040,崇林,无,71310106425011303K
佛教（汉语系）,上海佛教居士林,寺观教堂,静安区,上海市静安区常德路418号,021-62179900,200040,周富根,无,713101064252003669
天主教,闸北天主堂,寺观教堂,静安区,上海市静安区育婴堂路289号,021-56624172,200070,沈宗熙,无,71310106687336941E
天主教,大田路德肋撒天主堂,寺观教堂,静安区,上海市静安区大田路370号,021-62539359,200041,赵保军,无,7131010669155954XM
基督教,上海市基督教普安堂,寺观教堂,普陀区,上海市普陀区镇坪路152号,021－52946562,200061,宁国敏,无,71310107424850201C
基督教,上海市普陀区基督教桃浦堂,寺观教堂,普陀区,上海市普陀区绿杨路275号,021-66958055,200331,宁国敏,无,7131010775318991X4
基督教,上海市基督教普安堂真如聚会点,固定处所,普陀区,上海市普陀区曹杨八村173101-102室,021－62169909,200063,郑主扬,无,71310107MCU0822944
基督教,上海市基督教普安堂桃浦新村聚会点,固定处所,普陀区,上海市普陀区武威路1187号,021－66268266,200333,金苏馨,无,71310107MCU082323F
基督教,上海市基督教普安堂李子园聚会点,固定处所,普陀区,上海市普陀区真南路822弄521支弄70101－102室,021－62842175,200333,范恩情,无,71310107MCU082331A
佛教（汉语系）,上海玉佛禅寺,寺观教堂,普陀区,上海市普陀区安远路170号,021-62663668,200060,觉醒,市县级文物保护单位,71310107424850092D
佛教（汉语系）,上海真如寺,寺观教堂,普陀区,上海市普陀区兰溪路399号,021-62546340,200333,传觉,全国重点文物保护单位,71310107425203225G
伊斯兰教,上海沪西清真寺,寺观教堂,普陀区,上海市普陀区常德路1328弄3号,021-62775966,200060,穆华懋,无,7131010742485021X4
天主教,上海怒江路圣母圣心堂,寺观教堂,普陀区,上海市普陀区怒江路638号,021-62229113,200333,顾张军,无,713101077785244624
基督教,上海市基督教景灵堂,寺观教堂,虹口区,上海市虹口区昆山路135号,021-63243021,200080,余江,无,7131010942482525X2
基督教,上海市基督教江湾基督堂,固定处所,虹口区,上海市虹口区水电路1717号,021-65281108,200434,余江,无,71310109MCU082358Y
基督教,上海市基督教鸿德堂,固定处所,虹口区,上海市虹口区多伦路59号,021-56961196,200081,余江,无,71310109MCU082374L
佛教（汉语系）,上海下海庙,寺观教堂,虹口区,上海市虹口区昆明路73号,021-65416559,200082,圣缘,无,71310109424825225L
佛教（汉语系）,上海三观堂,寺观教堂,虹口区,上海市虹口区万安路359号,021-65368453,200434,定愔,无,71310109703135673P
天主教,上海虹口天主堂,寺观教堂,虹口区,上海市虹口区南浔路246号,021-63250524,200080,牛素青,无,71310109424826180W
佛教（汉语系）,太平报恩寺,寺观教堂,杨浦区,上海市杨浦区丹阳路169号,021-65028585,200082,慧明,无,7131011066783656X2
基督教,上海市基督教沪东堂,寺观教堂,杨浦区,上海市杨浦区国和路350号,021—65337102,200433,王建华,无,71310110MCU082390P
基督教,上海市基督教江浦聚会点,寺观教堂,杨浦区,上海市杨浦区蒋家浜小街23号,021—65337102,200092,孙宝庆,无,71310110MCU082403D
基督教,上海市基督教长白聚会点,寺观教堂,杨浦区,上海市杨浦区长白路127号,021—65337102,200093,王伟,无,71310110MCU0824118
佛教（汉语系）,上海法善庵,寺观教堂,杨浦区,上海市杨浦区政本路338号,021—55054678,200433,体  圣,无,71310110425145934B
伊斯兰教,江湾清真寺,寺观教堂,杨浦区,上海市杨浦区政府路86号,021—33812166,200433,张人宪,无,71310110688793394W
天主教,天主教和平堂,寺观教堂,杨浦区,上海市杨浦区惠民路692号,021-65460067,200082,牛素青,无,713101106643265990
佛教（汉语系）,上海闵行省殿禅寺,固定处所,闵行区,上海市闵行区景洪路2688号,021-34536378,201108,相玉,无,71310112069311819L
佛教（汉语系）,上海闵行长寿禅寺,固定处所,闵行区,上海市闵行区浦江镇浦锦南路1583号,021-34555600,201112,耀维,无,71310112082093158B
道教（正一）,诸翟关帝庙,寺观教堂,闵行区,上海市闵行区华漕镇诸翟紫苑路126号,021-62211166,201107,方忠雪,无,713101127752094750
道教（正一）,浦江镇排马庙,固定处所,闵行区,上海市闵行区浦锦街道立跃路4456弄17号,021-54331086,201114,方忠雪,无,71310112MCU0771968
基督教,陈行耶稣堂,寺观教堂,闵行区,上海市闵行区浦江镇陈行公路1838号,021-64295175,201114,孙凤琴,无,71310112761644740Q
基督教,闵行福音堂,寺观教堂,闵行区,上海市闵行区凤庆路1060号,021-64630252,200240,张洁妹,无,71310112787237334A
基督教,莘庄耶稣堂,寺观教堂,闵行区,上海市闵行区莘庄镇莘浜路551号,021-64981646,201199,茅晓明,无,71310112787240293W
基督教,北桥耶稣堂,寺观教堂,闵行区,上海市闵行区北吴路1500号,021-64901265,201109,李品花,无,71310112735429967X
基督教,杜行福音堂,寺观教堂,闵行区,上海市闵行区浦江镇杜行竹园西路2号,021-64117012,201112,徐引宝,无,71310112755025986R
基督教,鲁汇耶稣堂,寺观教堂,闵行区,上海市闵行区浦江镇沿浦路19号,021-54910192,201112,张雨仙,无,71310112671644863G
基督教,七宝耶稣堂,固定处所,闵行区,上海市闵行区七莘路1644号,021-64787707,201101,张雨仙,无,71310112697296779J
基督教,吴泾福音堂,寺观教堂,闵行区,上海市闵行区吴泾镇龙吴路5330号,021-64504148,200241,张洁妹,无,71310112MCU08242XW
佛教（汉语系）,上海七宝教寺,寺观教堂,闵行区,上海市闵行区七宝镇新镇路1205号,021-54850213,201101,慧平,无,7131011275501921X7
佛教（汉语系）,上海闵行龙音寺,寺观教堂,闵行区,上海市闵行区江川街道闵东路1号,021-54738628,200240,信弘,无,71310112742128150A
佛教（汉语系）,上海闵行万寿庵,寺观教堂,闵行区,上海市闵行区马桥镇东街29号,021-64099825,201111,界超,无,71310112787242424J
佛教（汉语系）,大圆通寺,固定处所,闵行区,上海市闵行区纪翟路2779号,021-62960311,201107,慧莲,无,7131011255592301XQ
天主教,马桥天主堂,寺观教堂,闵行区,上海市闵行区马桥镇东街25号,021-64090121,201111,任建文,市县级文物保护单位,71310112582070390M
天主教,七宝天主堂,寺观教堂,闵行区,上海市闵行区七宝镇南街50号,021-64799317,201101,李虎,市县级文物保护单位,713101127872369130
天主教,北桥天主堂,固定处所,闵行区,上海市闵行区颛桥镇中心村,021-64090121,201109,任建文,无,71310112MCU181524G
天主教,陈行天主堂,寺观教堂,闵行区,上海市闵行区浦江镇勤劳村6队,021-64293032,201114,任建文,无,71310112MCU181532B
天主教,杨家天主堂,固定处所,闵行区,上海市闵行区马桥镇工农村,021-64090121,201111,任建文,无,71310112MCU181567X
天主教,许家塘天主堂,固定处所,闵行区,上海市闵行区七宝镇上村许家塘,021-64090121,201101,李虎,无,71310112MCU181575Q
天主教,小涞桥天主堂,固定处所,闵行区,上海市闵行区新虹桥街道光华村小涞桥,021-64799317,201101,李虎,无,71310112MCU181591E
天主教,阮家厍天主堂,固定处所,闵行区,上海市闵行区七宝镇九星村阮家厍,021-64799317,201101,李虎,无,71310112MCU1816044
佛教（汉语系）,上海宝山淞南寺,固定处所,宝山区,上海市宝山区淞南镇459弄27号,021-66781335,200431,安觉,无,71310113076414330L
佛教（汉语系）,上海宝山宝隆古寺,寺观教堂,宝山区,上海市宝山区杨行镇杨宗路558号,021-36210981,201901,慧同,无,71310113080001272E
基督教,上海市宝山区基督教罗泾活动点,固定处所,宝山区,上海市宝山区罗泾镇陈川路350弄91临,021－56870690,200949,陈国英,无,71310113679324107P
基督教,上海市宝山区基督教葑塘聚会点,寺观教堂,宝山区,上海市宝山区大场镇锦秋路2320号,021－56133351,200435,李文英,无,713101134248668872
基督教,上海市宝山区基督教施恩堂,寺观教堂,宝山区,上海市宝山区泗塘一村7号,021－56993462,201431,王好杰,无,71310113E788311723
基督教,上海市宝山区基督教月浦堂,寺观教堂,宝山区,上海市宝山区北安路103弄15号,021－56937980,200941,逸明,无,71310113424866908J
基督教,上海市宝山区基督教谢恩堂,寺观教堂,宝山区,上海市宝山区丰宝路54号,021－63637833,200436,于兰,无,713101134248668797
基督教,上海市宝山区基督教大场堂,寺观教堂,宝山区,上海市宝山区沪太支路1225号,021－56681596,200436,张泽燕,无,71310113425155067P
基督教,上海市宝山区基督教宝山聚会点,固定处所,宝山区,上海市宝山区漠河路28东门,021－56780467,201900,刘桑梅,无,713101136762406022
基督教,上海市基督教吴淞堂,寺观教堂,宝山区,上海市宝山区宝杨路74号,021－56101766,201900,王立祥,无,71310113774328771P
基督教,上海市宝山区基督教罗店堂,寺观教堂,宝山区,上海市宝山区罗店镇界泾村63号,021－56862059,201908,孙雪芬,无,71310113425155438E
基督教,上海市宝山区基督教杨行堂,寺观教堂,宝山区,上海市宝山区杨泰路510弄5号,021－56803269,201901,张伯泉,无,71310113758551164C
基督教,上海市宝山区基督教盛桥聚会点,固定处所,宝山区,上海市宝山区盛桥路90号,021－56150369,200942,嵇龙英,无,71310113676240880F
基督教,上海市宝山区基督教刘行聚会点,固定处所,宝山区,上海市宝山区顾村镇联杨路1826号,021－56028789,201907,陆佳,无,713101136762409790
佛教（汉语系）,上海宝山寺,寺观教堂,宝山区,上海宝山罗店镇罗溪路518号,021—56865143,201908,世良,无,71310113425090830L
佛教（汉语系）,上海宝山太平禅寺,寺观教堂,宝山区,上海宝山顾村镇富联路328弄28号,021—56181655,201907,智慧,无,713101137655754043
佛教（汉语系）,上海宝山永福庵,寺观教堂,宝山区,上海宝山大场镇南陈路351弄2号,021—56139137,200444,演峰,无,71310113425155382B
佛教（汉语系）,上海杨行察司庙,固定处所,宝山区,上海宝山杨行镇泰和支路87弄50号,021—56495616,201901,果明,无,713101136746007744
佛教（汉语系）,上海宝山罗泾萧泾古寺,固定处所,宝山区,上海宝山罗泾镇沪太路8872弄50号,021—56873775,200949,妙华,无,71310113687341476C
佛教（汉语系）,上海大场金皇讲寺,固定处所,宝山区,上海宝山大场镇丰宝路350号,021—36386669,200444,净德,无,7131011357584567XY
佛教（汉语系）,上海月浦甘露寺,固定处所,宝山区,上海宝山月浦镇练祁路688号,021—33852102,200942,惟明,无,71310113055865108W
天主教,上海孟家宅天主堂,寺观教堂,宝山区,上海市宝山区阳泉路1295号,021－66972249,200435,魏特选,无,71310113574196911Q
天主教,上海北姚湾天主堂,寺观教堂,宝山区,上海市宝山区大场镇老宅生产队,021－62505506,200436,魏特选,无,71310113MCU1823085
道教（正一）,嘉定城隍庙,固定处所,嘉定区,上海市嘉定区嘉定镇东大街312号,021-69910855,201899,王进,省级文物保护单位,71310114566564972F
基督教,嘉定区南翔镇真理堂,寺观教堂,嘉定区,上海市嘉定区南翔镇翔乐路58号,021-59173916,201802,杨玉兰,无,71310114MCU082454F
基督教,嘉定区基督教马陆聚会所,固定处所,嘉定区,上海市嘉定区马陆浏翔公路2068号,021-39105377,201801,卢行萍,无,71310114MCU0824705
基督教,嘉定区江桥镇生命堂,寺观教堂,嘉定区,上海市江桥镇虞姬墩路32弄32号,021-59118106,201803,王范春,无,71310114MCU082497W
基督教,上海市嘉定区黄渡镇福音堂,寺观教堂,嘉定区,上海市嘉定区黄渡黄沈村284号,021-59595875,201804,徐娟,无,71310114MCU0825268
基督教,上海市嘉定区安亭镇耶稣堂,寺观教堂,嘉定区,上海市嘉定区安亭镇蓬青东路116号,021-59571856,201805,陈琴,无,71310114MCU082542X
基督教,嘉定区基督教善牧堂,寺观教堂,嘉定区,上海市嘉定区清河路432号,021-59913554,201899,卢雪芬,无,71310114MCU082550Q
基督教,嘉定工业区基督教锡安堂,寺观教堂,嘉定区,上海市嘉定区嘉唐公路1390号,021-59546299,201807,徐兴兰,无,71310114MCU082577G
基督教,嘉定区安亭镇颂恩堂,寺观教堂,嘉定区,上海市嘉定区安亭镇陆家巷605号,021-39508900,201814,潘香斌,无,71310114MCU082585B
基督教,嘉定区基督教沙河村聚会所,固定处所,嘉定区,上海市嘉定区江桥镇金园路1118弄146号202,021-59142281,201806,王范春,无,71310114MCU0825936
佛教（汉语系）,上海嘉定华藏禅寺,固定处所,嘉定区,上海市嘉定区华亭镇华高路526号,021-39900390,201816,圣贤,无,71310114055857124P
佛教（汉语系）,上海护国寺,固定处所,嘉定区,上海市嘉定区清河路215号,021-59991000,201899,雨平,无,71310114588692123U
佛教（汉语系）,上海云翔寺,寺观教堂,嘉定区,上海市嘉定区南翔镇人民街100号,021-59123333,201802,昌明,无,7131011442516035XX
佛教（汉语系）,上海药师殿,固定处所,嘉定区,上海市嘉定区外冈镇葛隆村609号,021-59585838,201806,觐林,市县级文物保护单位,713101146822384966
佛教（汉语系）,上海吴兴禅寺,寺观教堂,嘉定区,上海市嘉定区外冈镇沪宜公路5428号,021-59581999,201806,宗祥,无,71310114425093353P
佛教（汉语系）,上海万福寺,固定处所,嘉定区,上海市嘉定区外冈镇泉泾村,021-69931904,201823,仁成,无,71310114679387693K
佛教（汉语系）,上海万佛寺,固定处所,嘉定区,上海市嘉定区金沙江西路200号,021-59113399,201803,慧禅,无,713101146660841241
佛教（汉语系）,上海菩提禅寺,寺观教堂,嘉定区,上海市嘉定区安亭镇永安街422号,021-59576502,201805,慧证,无,713101147575874648
佛教（汉语系）,上海嘉定曹王禅寺,寺观教堂,嘉定区,上海市嘉定区徐行镇潘桥路198号,021-39533389-122,201809,曙红,无,71310114425160368X
天主教,南翔天主堂,寺观教堂,嘉定区,上海市嘉定区南翔镇真南路5215号,021-59120520,201802,马大超,无,713101147828264981
天主教,嘉定宫保桥天主堂,寺观教堂,嘉定区,上海市嘉定区嘉定镇中下塘街99号,021-59533330,201899,田海军,市县级文物保护单位,71310114564765746D
天主教,娄塘天主堂,寺观教堂,嘉定区,上海市嘉定区嘉定工业区娄塘人民街142号,021-59533330,201807,田海军,市县级文物保护单位,71310114MCU181647E
天主教,黄渡庄家村若翰堂,寺观教堂,嘉定区,上海市嘉定区安亭镇黄渡庄家村,021-59120520,201804,马大超,无,71310114MCU1816559
天主教,钱门天主堂,寺观教堂,嘉定区,上海市嘉定区外冈镇古塘村,021-59533330,201806,田海军,无,71310114MCU182367N
天主教,安亭天主堂,寺观教堂,嘉定区,上海市嘉定区安亭镇安诚路177弄1号,021-59120520,201805,马大超,无,71310114MCU182439F
佛教（汉语系）,上海浦东新区灵山庵,固定处所,浦东新区,上海市浦东新区祝桥镇二村北朱家宅46号,021-50960763,201202,悟恒,无,71310115090051310D
佛教（汉语系）,上海浦东新区国庆寺,寺观教堂,浦东新区,上海市浦东新区唐镇南曹路1106号,021-58781106,201210,演因,无,71310115090004530R
佛教（汉语系）,上海浦东新区伽蓝寺,固定处所,浦东新区,上海市浦东新区祝桥镇新营村李家宅90号,021-50600087,201202,耀智,无,71310115MCU13754X0
佛教（汉语系）,上海市浦东新区航头镇梓童莲院,固定处所,浦东新区,浦东新区航头镇长达村汇达396号,13671550794,201317,妙觉,无,71310115358925163Q
道教（正一）,上海财神庙,固定处所,浦东新区,上海市浦东新区华东路3251号,021-58583638,201201,夏光荣,省级文物保护单位,713101150593664106
道教（全真）,三元宫坤道院,寺观教堂,浦东新区,上海市浦东新区高科西路2119号,021—58813960,200125,范金凤,无,71310115760850390C
道教（正一）,上海钦赐仰殿道观,寺观教堂,浦东新区,上海市浦东新区源深路476号,021-58828689,200120,丁常云,市县级文物保护单位,71310115424875847B
道教（正一）,上海浦东新区龙王庙道观,寺观教堂,浦东新区,上海市浦东新区曹路镇启明村龙王庙1,021—58562332,201209,葛乃君,无,713101157543216529
道教（正一）,浦东新区航头镇城隍庙,固定处所,浦东新区,上海市浦东新区航头镇西市街,021-58171432,201316,邵志强,市县级文物保护单位,71310115572720353F
道教（正一）,崇福道院,寺观教堂,浦东新区,上海市浦东新区三林镇杨南路555号,021-68521231,200124,张开华,无,713101157709261920
道教（正一）,浦东新区陈行关帝庙,固定处所,浦东新区,上海市浦东新区川展路419号,021-58928340,201200,钟再虎,无,71310115564839290A
道教（正一）,浦东新区陈王庙道观,寺观教堂,浦东新区,上海市浦东新区金桥镇庙港路1号,021-58344841,201026,王进,无,71310115755013416B
道教（正一）,浦东新区祝桥镇关帝庙,固定处所,浦东新区,上海市浦东新区祝桥镇红星村关帝庙,13917294274,201324,金鹏飞,无,71310115572715538L
道教（正一）,浦东新区康桥镇一王庙,固定处所,浦东新区,上海市浦东新区康桥镇营房村三组,021-58121677,201318,戚右飞,无,71310115666933394B
道教（正一）,浦东新区祝桥镇东海姚家庙,固定处所,浦东新区,上海市浦东新区祝桥镇东海新如村六如365号,021-68266702,201325,陆华平,无,713101156660334582
道教（正一）,浦东新区新场东岳观,寺观教堂,浦东新区,上海市浦东新区新场镇沪南公路7483号,021-58171432,201314,邵志强,无,71310115773299139U
道教（正一）,上海十泽道院,固定处所,浦东新区,上海市浦东新区北蔡镇浦三路1234号,021-50869718,200125,叶有贵,无,7131011505936639XJ
道教（正一）,社庄庙道观,寺观教堂,浦东新区,上海市浦东新区金桥镇社庄村1社庄庙,021-50311286,201206,徐炳林,无,71310115774775344F
基督教,上海市浦东新区陈店耶稣堂,寺观教堂,浦东新区,上海市浦东新区泥城镇海关村1110号,021-58249137,201307,俞翠芳,无,71310115MCU07805X8
基督教,上海市浦东新区沈港固定处所,固定处所,浦东新区,上海市浦东新区沈港镇大河村753号,021-58197060转,201302,倪秀华,无,71310115MCU0780688
基督教,上海市浦东新区下沙固定处所,固定处所,浦东新区,上海市浦东新区航头镇下沙东街161号,021-68170899转,201317,沈红梅,无,71310115MCU078084X
基督教,上海市浦东新区祝桥固定处所,固定处所,浦东新区,上海市浦东新区祝桥镇祝西村13组656号,021-58007062转,201323,徐春华,无,71310115MCU078092Q
基督教,上海市浦东新区基督教三一堂,寺观教堂,浦东新区,上海市浦东新区浦星公路290号,021—38800071,200124,蔡立,无,71310115MCU078105E
基督教,上海市浦东新区基督教天恩堂,寺观教堂,浦东新区,上海市浦东新区川沙镇三灶浜路134号,021—58984678,200129,翁碧玲,无,71310115MCU0781139
基督教,上海市浦东新区基督教耶稣堂,寺观教堂,浦东新区,上海市浦东新区东祝桥镇施镇路86弄20号,021—68963291,200129,张德英,无,71310115MCU0781214
基督教,上海市浦东新区东海固定处所,固定处所,浦东新区,上海市浦东新区祝桥镇先进村路庄873号,021—68267167,201325,庄林芳,无,71310115MCU07813XU
基督教,上海市浦东新区果园固定处所,固定处所,浦东新区,上海市浦东新区芦潮港镇芦潮港路1558号104室,021-58062940转,201306,卫军,无,71310115MCU078148U
基督教,上海市浦东新区黄路固定处所,固定处所,浦东新区,上海市浦东新区惠南镇团结村7组219号,021—68271623,201300,杨美英,无,71310115MCU078156N
基督教,上海市浦东新区六灶固定处所,固定处所,浦东新区,上海市浦东新区六灶镇汤店村7组172号,021-58007062转,201315,申卫华,无,71310115MCU078164H
基督教,上海市浦东新区学士固定处所,固定处所,浦东新区,上海市浦东新区泥城镇彭庙村1组,021-58249137转,201307,唐彩霞,无,71310115MCU078332K
基督教,上海市浦东新区营房固定处所,固定处所,浦东新区,上海市浦东新区泥城镇彭南村6组（江山路3999号）,021-58249137转,201307,杨志军,无,71310115MCU078340E
基督教,上海市浦东新区康桥洗心堂,寺观教堂,浦东新区,上海市浦东新区康桥镇康梧路1505号,021-68113314,201318,丁文莲,无,71310115MCU078359B
基督教,上海市浦东新区基督教主恩堂,寺观教堂,浦东新区,上海市浦东新区东陆路431号,021—38689825,200129,余库,无,71310115MCU0783676
基督教,上海市浦东新区基督教福音堂,寺观教堂,浦东新区,上海市浦东新区浦电路449号,021—50107759,200122,田峰,无,71310115MCU0783751
基督教,上海市浦东新区基督教鸿恩堂,寺观教堂,浦东新区,上海市浦东新区红枫路455号,021—50307556转12,201206,胡秋秋,无,71310115MCU078383U
基督教,上海市浦东新区基督教救恩堂,寺观教堂,浦东新区,上海市浦东新区耀华路439号,021—58452566转8002,200126,严育英,无,71310115MCU078391N
基督教,上海市浦东新区基督教灵恩堂,寺观教堂,浦东新区,上海市浦东新区高桥镇石家街69弄4号,021—50402663,200137,刘意涛,无,71310115MCU078404C
基督教,上海市浦东新区基督教蒙恩堂,固定处所,浦东新区,上海市浦东新区康桥镇康衫路518号,021—58328847,200137,丁黎明,无,71310115MCU0784127
基督教,上海市浦东新区长安耶稣堂,寺观教堂,浦东新区,上海市浦东新区大团镇金元村长安4组,021-58237692,201312,陆丽红,无,71310115MCU0784202
基督教,上海市浦东新区大桥固定处所,固定处所,浦东新区,上海市浦东新区大团镇邵宅村庙西580号,021—68081808,201311,陈才娟,无,71310115MCU078439Y
基督教,上海市浦东新区大团耶稣堂,寺观教堂,浦东新区,上海市浦东新区大团镇永春北路542号,021-58082899,201311,周亚军,无,71310115MCU078447R
基督教,上海市浦东新区书院耶稣堂,寺观教堂,浦东新区,上海市浦东新区书院镇李雪村北窑690号,021-58062940,201305,倪雪娟,无,71310115MCU078455L
基督教,上海市浦东新区坦直固定处所,固定处所,浦东新区,上海市浦东新区新场镇坦南村十六组,021-68170899,201314,瞿爱华,无,71310115MCU078471A
基督教,上海市浦东新区团结固定处所,固定处所,浦东新区,上海市浦东新区惠南镇四墩村九组,021-58237692转,201301,瞿凤娟,无,71310115MCU0784982
基督教,上海市浦东新区邬店固定处所,固定处所,浦东新区,上海市浦东新区惠南镇双店村邬店二组,021-58237692转,201301,阮凤芬,无,71310115MCU078500M
基督教,上海市浦东新区港西固定处所,固定处所,浦东新区,上海市浦东新区老港镇莲港村港西14组,021-58007062转,201302,朱兰娟,无,71310115MCU078527D
基督教,上海市浦东新区高桥固定处所,固定处所,浦东新区,上海市浦东新区泥城镇人民村高桥790号,021—58073106,201306,陆顺芳,无,71310115MCU0785358
基督教,上海市浦东新区中久固定处所,固定处所,浦东新区,上海市浦东新区书院镇中南村13组,021-58062940转,201305,顾正芳,无,71310115MCU0785433
基督教,上海市浦东新区宣桥固定处所,固定处所,浦东新区,上海市浦东新区宣桥镇宣桥村700号,021—58185470,201314,王而萍长老,无,71310115MCU078551X
基督教,上海市浦东新区康桥固定处所,固定处所,浦东新区,上海市浦东新区康桥镇文卫新村15号,021-68113314转,201319,吴广生,无,71310115MCU07856XM
基督教,上海市浦东新区惠南洁心堂,寺观教堂,浦东新区,上海市浦东新区惠南镇靖海南路99号,021-58007062,201300,唐林雄,无,71310115MCU078578M
基督教,上海市浦东新区新振固定处所,固定处所,浦东新区,上海市浦东新区新振村新二中心场,021-58197060转,201313,周春芳,无,71310115MCU078586G
基督教,上海市浦东新区新陆固定处所,固定处所,浦东新区,上海市浦东新区书院镇桃园村新陆145号,021-58197060转,201304,东爱妹,无,71310115MCU078594B
基督教,上海市浦东新区新港耶稣堂,寺观教堂,浦东新区,上海市浦东新区书院镇棉场村260号,021-58197060,201304,顾春华,无,71310115MCU0786071
基督教,上海市浦东新区新场耶稣堂,寺观教堂,浦东新区,上海市浦东新区新场镇东后老街131号,021-68170899,201314,周银芳,市县级文物保护单位,71310115MCU078615U
基督教,上海市浦东新区鹤东固定处所,固定处所,浦东新区,上海市浦东新区航头镇鹤东村10组,021-68113314转,201317,吴秀华,无,71310115MCU078623N
基督教,上海市浦东新区航头固定处所,固定处所,浦东新区,上海市浦东新区航头镇航兴路18号,021-58170899转,201316,朱彩仙,无,71310115MCU078631H
佛教（汉语系）,上海浦东新区法华学问寺,寺观教堂,浦东新区,上海市浦东新区三林华夏西路399号,021-58490063,200124,大熙,无,71310115763972342G
佛教（汉语系）,上海市浦东新区周浦镇巽龙庵,寺观教堂,浦东新区,上海浦东新区周浦镇南八灶159号,021-68114627,201318,能戒,无,71310115425171403B
佛教（汉语系）,浦东小普陀寺,固定处所,浦东新区,上海市浦东新区川六公路2099号,021-58594060,201202,慧泽,无,71310115557477893C
佛教（汉语系）,上海市浦东新区庆云寺,寺观教堂,浦东新区,上海市浦东新区龙东大道6907号,021-58976069,201201,慧觉,无,71310115425168888L
佛教（汉语系）,上海市浦东新区惠南镇清凉庵,寺观教堂,浦东新区,上海市浦东新区惠南镇工农南路63号,021-58018681,201300,妙觉,无,71310115425171681Q
佛教（汉语系）,上海市浦东新区新场镇南山寺,寺观教堂,浦东新区,上海市浦东新区新场镇新环南路269号,021-68172264,201314,灵宏,市县级文物保护单位,71310115688728971R
佛教（汉语系）,上海市浦东新区泥城镇净心庵,寺观教堂,浦东新区,上海市浦东新区泥城镇横港村十三组,021-20956839,201306,学达,市县级文物保护单位,713101154249139891
佛教（汉语系）,浦东新区川沙新镇会龙寺,固定处所,浦东新区,上海市浦东新区川沙镇会龙村101号,021-58168215,201322,释戒宝,无,713101155904053811
佛教（汉语系）,上海市浦东新区大团镇广福庵,固定处所,浦东新区,上海市浦东新区大团镇园艺村二墩1008号,021—58231127,201311,印杰,无,71310115572722578T
佛教（汉语系）,上海市浦东新区惠南镇福泉寺,寺观教堂,浦东新区,上海市浦东新区惠南镇文体路11号,021-58001405,201300,仿古,市县级文物保护单位,71310115E78970631F
佛教（汉语系）,上海市浦东新区大团镇定慧庵,寺观教堂,浦东新区,上海浦东新区大团镇永春西二路112号,021-58084929,201311,印杰,无,71310115764725140Y
佛教（汉语系）,上海市浦东新区潮音庵,寺观教堂,浦东新区,上海市浦东新区曹路镇李家盘14号,021-58631053,201209,安法,无,71310115A7739192XR
佛教（汉语系）,上海浦东新区长仁禅寺,寺观教堂,浦东新区,上海市浦东新区川沙镇王桥街10号,021-58922358,201200,大熙,无,71310115A773919037
佛教（汉语系）,上海碧云净院,固定处所,浦东新区,上海市浦东新区张江镇环东中心村东庄家宅2号,021—58578534,201210,克莲,无,71310115672679255G
佛教（汉语系）,上海市浦东新区祝桥镇鲍家寺,固定处所,浦东新区,上海市浦东新区祝桥镇华里路465号,021-68102887,201323,仿古,无,71310115577451543F
佛教（汉语系）,上海市浦东新区宝莲庵,寺观教堂,浦东新区,上海市浦东新区高行镇解放村井亭宅36号,021-58619884,200137,戒持,无,71310115A773919112
佛教（汉语系）,上海市浦东新区宣桥镇百拙庵,固定处所,浦东新区,上海市浦东新区宣桥镇光辉村1组,021-58038796,201314,通志,无,71310115666007006M
佛教（汉语系）,上海市浦东新区周浦镇永定寺,固定处所,浦东新区,上海市浦东新区周浦镇周东路270弄61号,021-33899606,201318,玄中,市县级文物保护单位,71310115593189418T
伊斯兰教,上海浦东清真寺,寺观教堂,浦东新区,上海市浦东新区源深路375号,021—50933289,200135,马仁礼,无,713101157914802144
天主教,周浦天主堂,寺观教堂,浦东新区,上海市浦东新区周浦镇军民路,021-68128845,201318,贾晟永,无,71310115688791401R
天主教,六墩天主堂,固定处所,浦东新区,上海市浦东新区祝桥镇盐仓星火7组,021-20924721,200324,李肖强,市县级文物保护单位,71310115312585247F
佛教（汉语系）,上海市浦东新区大团镇唐家庵,寺观教堂,浦东新区,上海市浦东新区大团镇扶栏村544号,021—58085242,201311,宏明,无,713101157714898521
天主教,南黄天主堂,寺观教堂,浦东新区,上海市浦东新区北蔡五星村13组163号,021-58447817,201204,宋建立,无,71310115312470810A
天主教,杨思天主堂,固定处所,浦东新区,上海市浦东新区云台路731号,021-54180599,200126,陈  奇,无,71310115312584981H
天主教,高家宅天主堂,固定处所,浦东新区,上海市浦东新区曹路镇努力村2组,021-50215422,200137,李忠信,无,7131011531247052X4
天主教,川沙天主堂,寺观教堂,浦东新区,上海市浦东新区川沙镇中市街42弄15号,021-58986245,201201,吴宣传,市县级文物保护单位,71310115323121624D
天主教,上海金家巷天主堂,寺观教堂,浦东新区,上海市浦东新区紫槐路80号,021-68569852,200135,陈 奇,无,71310115312470343A
天主教,大七灶天主堂,寺观教堂,浦东新区,上海市浦东新区川沙镇纯新村2组,021-58591194,201202,吴宣传,市县级文物保护单位,71310115323121667T
天主教,外高桥天主堂,寺观教堂,浦东新区,上海市浦东新区莱阳路4288弄2号,13818508106,200137,李忠信,无,71310115312470909T
天主教,十八湾天主堂,固定处所,浦东新区,上海市浦东新区川沙镇黄楼社区栏杆村曹家宅,021—58986245,201200,吴宣传,无,71310115320819867P
天主教,傅家天主堂,寺观教堂,浦东新区,上海市浦东新区浦东大道1115号,021-58853172,200135,贾少平,无,71310115MCU1816205
天主教,其昌栈天主堂,寺观教堂,浦东新区,上海市浦东新区浦东大道666号,021-58769532,200120,贾少平,无,71310115MCU181858C
天主教,万祥天主堂,固定处所,浦东新区,上海市浦东新区万祥镇万宏村万六7组,021-58040711,201313,解建明,无,71310115MCU181903D
天主教,惠南天主堂,寺观教堂,浦东新区,上海市浦东新区惠南镇人民西路167号,021-58024985,201300,刘智伟,市县级文物保护单位,71310115MCU1819118
天主教,张家天主堂,固定处所,浦东新区,上海市浦东新区康桥镇沿南村1组,021—68128845,201319,贾晟永,无,71310115MCU181946T
天主教,顾家楼天主堂,寺观教堂,浦东新区,上海市浦东新区康桥镇汤巷村四组,021—68128845,201319,贾晟永,市县级文物保护单位,71310115MCU181970B
天主教,东施天主堂,寺观教堂,浦东新区,上海市浦东新区唐镇暮一村8组,021—58591194,201201,吴宣传,无,71310115MCU1820687
天主教,上海金桥张家楼耶稣圣心堂,寺观教堂,浦东新区,上海市浦东新区红枫路151号,021-58546628,201206,曾红勤,无,71310115MCU182084W
天主教,飞云桥天主堂,固定处所,浦东新区,上海市浦东新区航头镇飞云村1组,021—68128845,201317,贾晟永,无,71310115MCU18213XT
天主教,怡园天主堂,寺观教堂,浦东新区,上海市浦东新区康桥镇怡园村7组,021—68128845,201319,贾晟永,市县级文物保护单位,71310115MCU182164G
天主教,外龚天主堂,寺观教堂,浦东新区,上海市浦东新区合庆镇青四村二组,021-68906761,201201,高养宏,无,71310115MCU182201N
天主教,西龚天主堂,固定处所,浦东新区,上海市浦东新区合庆镇青三村4组,021-68906717,201201,高养宏,无,71310115MCU182228E
天主教,大团天主堂,寺观教堂,浦东新区,上海市浦东新区大团镇银杏村2组,021-68080099,201312,解建明,无,71310115MCU1822369
天主教,黄华天主堂,寺观教堂,浦东新区,上海市浦东新区书院镇黄华村5组,021-58196132,201304,解建明,无,71310115MCU182252Y
天主教,三墩天主堂,固定处所,浦东新区,上海市浦东新区大团镇三墩邵村11组,021—58040711,201312,解建明,无,71310115MCU182404B
天主教,唐镇天主堂,寺观教堂,浦东新区,上海市浦东新区唐镇老街40号,021-58961182,201210,宋建立,省级文物保护单位,71310115MCU223608E
佛教（汉语系）,上海市金山区欢娱寺,固定处所,金山区,上海市金山区金山工业区欢兴村欢庵2060号,021-67270102,206506,了如,无,71310116063731011W
佛教（汉语系）,上海市金山区大觉寺,固定处所,金山区,上海市金山区朱泾镇慧农村5008号,021-57341163,201599,道楷,无,71310116324421004M
基督教,上海市金山区山阳金山嘴聚会点,固定处所,金山区,上海市金山区山阳镇渔业村3111号,021-57240388,200540,顾红英,无,71310116MCU24832XJ
道教（正一）,上海市金山区廊下城隍庙,固定处所,金山区,上海市金山区廊下镇廊下大街24弄5号,021-57395909,201516,宋国军,无,713101160678284433
道教（正一）,上海市金山区枫泾施王庙,寺观教堂,金山区,上海市金山区枫泾镇北大街393号,021-67354362,201501,袁锴,无,7131011675501403XK
道教（正一）,上海市金山区兴塔双庙,固定处所,金山区,上海市金山区枫泾镇兴塔双庙村,021-67295553,201502,袁锴,无,71310116MCU077209P
道教（正一）,上海市金山区漕泾凤仙道院,固定处所,金山区,上海市金山区漕泾镇营房二组1030号,13764197117,201507,万水祥,无,71310116MCU077217J
基督教,上海市金山区枫泾天命堂,寺观教堂,金山区,上海市金山区枫泾镇友好下塘街43号,021-57352715,201501,还天霞,无,713101165529336429
基督教,上海市金山区朱泾耶稣堂,寺观教堂,金山区,上海市金山区朱泾镇西林街238号,021-57323354,201500,沈在英,无,71310116552933845X
基督教,上海市金山区张堰耶稣堂,寺观教堂,金山区,上海市金山区张堰镇东贤路2588号,021-57217364,201514,顾海英,无,71310116425186867Y
基督教,上海市金山区阮巷耶稣堂,寺观教堂,金山区,上海市金山区漕泾镇阮巷街道2弄8号,021-57259431,201507,张罗荣,无,713101165515721600
基督教,上海市金山区亭林耶稣堂,寺观教堂,金山区,上海市金山区亭林镇东新村14组,021-57232608,201505,张金花,无,713101165515856079
基督教,上海市金山区山阳高桥聚会点,固定处所,金山区,上海市金山区山阳镇工农村3组,021-67252005,201508,吴正芳,无,71310116552933722W
基督教,上海市金山区漕泾镇张家厍聚会点,固定处所,金山区,上海市金山区漕泾镇东海村6组,021-57250316,201507,张天明,无,71310116MCU0826571
基督教,上海市金山区石化临恩堂,寺观教堂,金山区,上海市金山区石化城区临桂路2510号,021-57956146,200540,孙淑英,无,71310116MCU082673N
佛教（汉语系）,上海市金山区东林寺,寺观教堂,金山区,上海市金山区朱泾镇东林街150号,021-57336970,201500,广德,省级文物保护单位,71310116756984070H
佛教（汉语系）,上海市金山区松隐禅寺,寺观教堂,金山区,上海市金山区亭林镇华严塔路58号,021-57381384,201504,法定,省级文物保护单位,7131011642518620XT
佛教（汉语系）,上海市金山区万寿寺,寺观教堂,金山区,上海市金山区金山卫镇金卫村1148号,021-57262454,201512,续建,无,71310116E78985200W
佛教（汉语系）,上海市金山区五龙禅寺,寺观教堂,金山区,上海市金山区金张公路6006号,021-57340217,201503,善忍,无,71310116E7884503XW
佛教（汉语系）,上海市金山区性觉寺,寺观教堂,金山区,上海市金山区枫泾镇枫湾路568号（白牛路北端）,021-57351214,201501,妙悟,无,71310116424926077J
佛教（汉语系）,上海市金山区胥浦净寺,固定处所,金山区,上海市金山区吕巷镇马新村3053号,021-67227281,201517,法能,无,713101165515901829
伊斯兰教,金山清真寺,固定处所,金山区,上海市金山区石化城区荔浦路135弄33号,021-57970799,200540,马进良,无,713101165500729307
天主教,上海市金山区亭林十三保天主堂,寺观教堂,金山区,上海市金山区亭林镇红阳村8026号,021-57237827,201505,史振江,无,71310116301436908A
天主教,上海市金山区廊下虹桥天主堂,寺观教堂,金山区,上海市金山区廊下镇南塘村3111号,021-57376411,201517,赵奉献,无,71310116320765734B
天主教,上海市金山区张堰百家村天主堂,寺观教堂,金山区,上海市金山区张堰镇百家村4056号,021-57213372,201514,赵奉献,无,713101167824374845
天主教,上海市金山区枫泾砚池浜天主堂,寺观教堂,金山区,上海市金山区枫泾镇五一村潜庄1054号,021-57361794,201502,韦红星,无,71310116MCU1817194
天主教,上海市金山区朱泾水字圩天主堂,固定处所,金山区,上海市金山区朱泾镇联盟村1组,无,201500,韦红星,无,71310116MCU181751F
天主教,上海市金山区廊下宋家厍天主堂,固定处所,金山区,上海市金山区廊下镇中民村3组,无,201516,赵奉献,无,71310116MCU1818238
天主教,上海市金山区枫泾潮泥滩天主堂,固定处所,金山区,上海市枫泾镇菖梧村12组,无,201501,韦红星,无,71310116MCU1818313
天主教,上海市金山区张堰横港天主堂,固定处所,金山区,上海市金山区张堰镇秦望村2组,无,201514,赵奉献,无,71310116MCU1819544
天主教,上海市金山区吕巷小漕泾天主堂,固定处所,金山区,上海市金山区吕巷镇龙跃村10组,无,201518,赵奉献,无,71310116MCU182009J
天主教,上海市金山区亭林阮家天主堂,固定处所,金山区,上海市金山区亭林镇六塔村9组,无,201505,史振江,无,71310116MCU182172R
天主教,上海市金山区枫泾露德堂,固定处所,金山区,上海市金山区枫泾镇农兴村1007号,无,201501,韦红星,无,71310116MCU182180L
天主教,上海市金山区朱泾西墙界天主堂,固定处所,金山区,上海市金山区朱泾镇富强6组,无,201500,韦红星,无,71310116MCU182412L
道教（正一）,松江区观音堂,固定处所,松江区,上海市松江区陈家弄7号,13818152940,201600,颜春喜,市县级文物保护单位,713101173323607070
道教（正一）,广富林关帝庙,固定处所,松江区,上海市松江区广富林路2900弄,13621946024,201600,颜春喜,无,71310117MCU077225U
佛教（汉语系）,上海松江区知也禅寺,固定处所,松江区,上海市松江区广富林路2900弄内,021-37761706,201620,如恒,无,713101170840695818
佛教（汉语系）,上海松江区灌顶禅寺,固定处所,松江区,上海市松江区玉树路2336号,021-33550121,201600,悟旺,无,71310117MCU131690J
道教（正一）,上海市松江区东岳庙,寺观教堂,松江区,上海市松江区松江区中山中路196弄9号,021—57722809,201600,颜春喜,无,71310117759559272N
基督教,松江区基督教新恩堂,固定处所,松江区,上海市松江区新桥镇潘家村,13918502037,201612,蒋芳英,无,71310117MCU07864X6
基督教,松江区基督教叶榭耶稣堂,固定处所,松江区,上海市松江区叶榭镇团结村,021—57801537,201609,徐金荣,无,71310117MCU0786586
基督教,松江区基督教小昆山耶稣堂,寺观教堂,松江区,上海市松江区小昆山镇鹤溪街129号,021—57762534,201616,王志英,无,71310117MCU078690H
基督教,松江区基督教泗泾福音堂,寺观教堂,松江区,上海市松江区泗泾镇开江东路48号,021—57620020,201601,陈惠华,无,71310117MCU078682N
基督教,松江区基督教得胜堂,固定处所,松江区,上海市松江区石湖荡东港村,13764099085,201617,蒋爱芳,无,71310117MCU078674U
基督教,松江区基督教蒙恩堂,固定处所,松江区,上海市松江区泖港中南路,021—57862871,201607,吕玉云,无,71310117MCU0786661
基督教,松江区基督教永恩堂,寺观教堂,松江区,上海市松江区仓丰路128号,021—57820762,201600,陈爱敏,无,71310117MCU0787037
基督教,松江区基督教石湖荡耶稣堂,寺观教堂,松江区,上海市松江区石湖荡镇新源古场158号,021—57752536,201604,陈慧荣,无,71310117MCU0787112
基督教,松江区基督教新浜耶稣堂,寺观教堂,松江区,上海市松江区新浜镇叶新公路5688号,021—57899182,201605,蔡冬根,无,71310117MCU07872XR
基督教,松江区基督教佘山聚会点,固定处所,松江区,上海市松江区佘山镇桃源路690弄24号,021—57653179,201602,王志英,无,71310117MCU078738R
佛教（汉语系）,上海市松江区九亭资庆寺,固定处所,松江区,上海市松江区九亭镇姚北路33号,021-67693813,201615,能慈,无,71310117684020773W
佛教（汉语系）,上海市松江区延寿寺,寺观教堂,松江区,上海市松江区石湖荡镇李塔街130号,021-37840038,201617,灵彻,无,71310117762243340Y
佛教（汉语系）,上海市松江区西林禅寺,寺观教堂,松江区,上海市松江区中山中路666号,021-57813454,201600,悟端,省级文物保护单位,7131011775503951X0
佛教（汉语系）,上海市松江区普善讲寺,固定处所,松江区,上海市松江区叶榭镇井凌桥村425号,021-57803000,201608,圣慧,无,71310117568028866X
佛教（汉语系）,上海市松江区小昆山镇九峰禅寺,寺观教堂,松江区,上海市松江区小昆山镇山西路4号,021-57766553,201616,戒法,无,71310117568012514E
佛教（汉语系）,上海市松江区福田净寺,寺观教堂,松江区,上海市松江区泗泾镇开泾路300弄30号,021-57612553,201601,明非,无,713101177732858023
佛教（汉语系）,上海市松江区东禅古寺,寺观教堂,松江区,上海市松江区东门村657号,021-57831580,201613,常定,无,71310117774790333K
佛教（汉语系）,上海市松江区大方禅院,寺观教堂,松江区,上海市松江区新浜镇大方支路26弄29号,021-57896059,201605,能慧,市县级文物保护单位,71310117769680199K
伊斯兰教,松江清真寺,寺观教堂,松江区,上海市松江区缸甏巷75号,021－57823684,201600,孙学成,省级文物保护单位,7131011769577831XB
天主教,中桥圣伯多禄圣保禄堂,固定处所,松江区,上海市松江区永丰街道盐仓二队,021-57735263,201600,高学谦,无,71310117685489223B
天主教,五厍玫瑰圣母堂,寺观教堂,松江区,上海市松江区泖港五厍曹家浜村,021-57877079,201606,田明刚,无,7131011768732393XL
天主教,邱家湾耶稣圣心堂,寺观教堂,松江区,上海市松江区方塔北路281,021-67831131,201600,何永辉,市县级文物保护单位,71310117324531641B
佛教（汉语系）,上海松江区天马山圆智寺,固定处所,松江区,上海市松江区天马山公园,021-57660309,201603,悟端（兼）,无,71310117MCU137216H
天主教,佘山中山圣母堂,寺观教堂,松江区,上海市松江区佘山镇西佘山,021-57651521,201602,李方元,无,713101177878006336
天主教,江秋耶稣圣心堂,固定处所,松江区,上海市松江区佘山江秋村河北队,无,201602,李方元,无,71310117MCU181727D
天主教,中泾圣母领报堂,寺观教堂,松江区,上海市松江工业区新兴村南新224号,无,201611,何永辉,无,71310117MCU181778M
天主教,横塘圣母领报堂,寺观教堂,松江区,上海市松江区泗泾镇横塘桥村,021-57817079,201601,何永辉,无,71310117MCU182017U
天主教,张朴桥圣母无原罪始胎堂,寺观教堂,松江区,上海市松江区佘山镇张朴村六队,无,201602,李方元,无,71310117MCU182340A
天主教,若瑟堂,固定处所,松江区,上海市松江区佘山江秋村河北队,无,201602,李方元,无,71310117MCU182383P
天主教,佘山山顶圣母大殿,寺观教堂,松江区,上海市松江区佘山镇西佘山,021-57651521,201602,李方元,省级文物保护单位,71310117MCU182455G
道教（正一）,青浦城隍庙,寺观教堂,青浦区,上海市青浦区公园路650号,021-59738889,201700,成笃生,市县级文物保护单位,71310118680999988W
道教（正一）,上海市青浦区白鹤施相公庙,固定处所,青浦区,上海市青浦区青浦区白鹤镇沈联村,021-59740389,201709,刘勇,无,713101185601705340
道教（正一）,上海市青浦区朱家角城隍庙,寺观教堂,青浦区,上海市青浦区朱家角漕河街69号,021-59242597,201713,翟仁军,市县级文物保护单位,71310118424930308Q
道教（正一）,上海市青浦区章堰城隍庙,固定处所,青浦区,上海市青浦区重固镇章堰村,021－59860379,201706,张道春,无,71310118583467920J
基督教,上海市青浦区基督教沈巷赐恩堂,寺观教堂,青浦区,上海市青浦区朱家角镇沈巷沈太路303号,021-59831602,201714,沈菊英,无,71310118MCU082729N
基督教,上海市青浦区基督教白鹤蒙恩堂,寺观教堂,青浦区,上海市青浦区白鹤镇王家村31,021-59747629,201709,胡慧凤,无,71310118MCU082745C
基督教,上海市青浦区基督教重固重生堂,寺观教堂,青浦区,上海市青浦区重固镇福中路289号,021-59782977,201706,黄志毅,无,71310118MCU0827612
基督教,上海市青浦区基督教朱家角颂恩堂,寺观教堂,青浦区,上海市青浦区朱家角镇人和路22号,021-59237554,201713,陆玉弟,无,71310118MCU08277XR
基督教,上海市青浦区基督教商榻圣恩堂,寺观教堂,青浦区,上海市青浦区金泽镇商榻陈东许七1144号,021-59288849,201719,童程芳,无,71310118MCU082788R
基督教,上海市青浦区基督教堂,寺观教堂,青浦区,上海市青浦区青松路405弄75号,021－59728075,201700,方建根,无,71310118MCU082796L
基督教,上海市青浦区基督教练塘灵恩堂,寺观教堂,青浦区,上海市青浦区练塘镇下塘街37弄5号,021-50255094,201715,童明芳,无,71310118MCU082809A
基督教,上海市青浦区基督教金泽耶稣堂　,寺观教堂,青浦区,上海市青浦区金泽镇金鹰南路10号,021-59261223,201718,顾晓芸,无,71310118MCU0828175
基督教,上海市青浦区基督教华新救恩堂,固定处所,青浦区,上海市青浦区华新镇马阳村,021-59794065,201708,陆彩红,无,71310118MCU0828250
基督教,上海市青浦区基督教凤溪聚会点,固定处所,青浦区,上海市青浦区基督教凤溪扬家庄,021-59779062,201715,洪天凑,无,71310118MCU082841M
基督教,上海市青浦区基督教赵屯永恩堂,寺观教堂,青浦区,上海市青浦区赵屯青赵公路5501号,021-59214120,201711,李彩娟,无,71310118MCU08285XD
基督教,上海市青浦区基督教徐泾主恩堂,寺观教堂,青浦区,上海市青浦区徐泾镇育才路569号,021-59766214,201702,黄照英,无,71310118MCU082868D
佛教（汉语系）,上海市青浦区庄严寺,寺观教堂,青浦区,上海市青浦区练塘镇蒸淀东团村366号,021-59828250,201717,心明,无,713101187718062055
佛教（汉语系）,上海市青浦区圆津禅院,寺观教堂,青浦区,上海市青浦区朱家角镇漕河街193号,021-59240632,201713,宏戒,无,71310118738128836C
佛教（汉语系）,上海市青浦区颐浩禅寺,寺观教堂,青浦区,上海市青浦区金泽镇迎祥街12号,021-59261391,201718,昌智,市县级文物保护单位,713101186677822237
佛教（汉语系）,上海市青浦区天光寺,寺观教堂,青浦区,上海市青浦区练塘镇练东村泖口600号,021-59849901,201715,能照,市县级文物保护单位,71310118752469848G
佛教（汉语系）,上海市青浦区青龙寺,寺观教堂,青浦区,上海市青浦区白鹤镇青龙村474号,021-69744481,201709,耀忠,市县级文物保护单位,71310118425190794C
佛教（汉语系）,上海市青浦区蟠龙庵,寺观教堂,青浦区,上海市青浦区徐泾镇蟠龙村,021-59883940,201702,通世,无,713101187872486077
佛教（汉语系）,上海市青浦区明因寺,固定处所,青浦区,上海市青浦区练塘镇联农村四农343号,021—59250233,201715,月慧,无,71310118066012864X
佛教（汉语系）,上海市青浦区莲花寺,固定处所,青浦区,上海市青浦区练塘镇小蒸西村264号,021—59810053,201716,隆德,无,71310118588660738J
佛教（汉语系）,上海市青浦区观音寺,固定处所,青浦区,上海市青浦区华新镇三星街175号,021-59771211,201705,慧康,无,713101186886816190
佛教（汉语系）,上海市青浦区法会庵,寺观教堂,青浦区,上海市青浦区重固镇通波塘东街285号,021-59780727,201706,本愿,无,713101187757727279
佛教（汉语系）,上海市青浦区报国寺,寺观教堂,青浦区,上海市青浦区青浦区朱家角镇淀峰村452号,021-69247826,201713,昌智,市县级文物保护单位,71310118754321257D
佛教（汉语系）,上海市青浦区宝庆寺,寺观教堂,青浦区,上海市青浦区青浦区南门街100号,021-59737360,201700,昌义,无,71310118558783833A
天主教,上海青浦泰来桥天主堂,寺观教堂,青浦区,上海市青浦区夏阳街道城南村70号,021-59859391,201700,王景茂,市县级文物保护单位,71310118667820920B
佛教（汉语系）,上海市青浦区总管庙,固定处所,青浦区,上海市青浦区金泽镇上塘街8号（总管桥边）,021-59261391,201718,昌智,无,71310118MCU1373391
佛教（汉语系）,上海市青浦区杨震庙,固定处所,青浦区,上海市青浦区金泽镇迎祥街12号,021-59261016,201718,星明,无,71310118MCU13738X4
天主教,上海青浦朱家角天主堂,寺观教堂,青浦区,上海市青浦区朱家角漕河街317弄27号,021-59240877,201713,龚天德,无,71310118MCU181671Q
天主教,上海青浦杨字圩天主堂,寺观教堂,青浦区,上海市青浦区盈浦街道青赵路,021-69203596,201700,龚天德,无,71310118MCU1817004
天主教,上海青浦练塘天主堂,寺观教堂,青浦区,上海市青浦区莲塘镇钟联村291号,021-59257311,201717,龚天德,无,71310118MCU181743H
天主教,上海青浦蔡家湾天主堂,寺观教堂,青浦区,上海市青浦区青浦区徐泾镇高泾小区185号,021-69233152,201702,蔡平华,无,71310118MCU182359M
天主教,上海青浦区赵巷小东圩天主堂,寺观教堂,青浦区,上海市青浦区赵巷镇方夏村八组,021-59759159,201703,盛月林,无,71310118MCU1824474
道教（正一）,上海市奉贤区白沙庙,固定处所,奉贤区,上海市奉贤区金汇镇白沙八组,021-57577741,201404,马志平,无,713101206726963469
道教（正一）,奉贤上真道院,寺观教堂,奉贤区,上海市奉贤区柘林镇新寺社区南宅村1052号,021-33653937,201416,马志平,无,71310120424917533N
道教（正一）,奉贤区邬桥城隍庙,固定处所,奉贤区,上海市奉贤区庄行镇牛桥村5组,13916572840,201415,马志平,无,71310120MCU077241U
基督教,奉贤区基督教邬桥耶稣堂,固定处所,奉贤区,上海市奉贤区庄行镇邬桥社区相计一组146号,021-67182662,201402,李静,无,71310120596417404A
基督教,奉贤区基督教头桥蒙恩堂,寺观教堂,奉贤区,上海市奉贤区奉城镇头桥社区二桥村704,021-57555232,201409,方平,无,713101205964173674
基督教,奉贤区基督教塘外恩门堂,寺观教堂,奉贤区,上海市奉贤区奉城镇塘外社区大门村三组309号,021-57171409,201408,黄丽雅,无,71310120596417287G
基督教,奉贤区基督教四团耶稣堂,寺观教堂,奉贤区,上海市奉贤区四团镇西街70号,021-57533226,201412,乔桂仙,无,713101205964107476
基督教,奉贤区基督教邵厂耶稣堂,寺观教堂,奉贤区,上海市奉贤区四团镇良民村1404号,021-57141356,201413,沈继红,无,71310120596417586E
基督教,奉贤区基督教青村耶稣堂,寺观教堂,奉贤区,上海市奉贤区青村镇钟家村8组811号,021-57568070,201414,杨金仙,无,71310120596410771N
基督教,奉贤区基督教钱桥耶稣堂,寺观教堂,奉贤区,上海市奉贤区青村镇金王村173号,021-57597691,201407,沈梅花,无,71310120596417527B
基督教,奉贤区基督教齐贤耶稣堂,寺观教堂,奉贤区,上海市奉贤区金汇镇齐贤社区百曲村三组仓库,021-57574652,201403,沈美娟,无,713101205964106838
基督教,奉贤区基督教平安耶稣堂,寺观教堂,奉贤区,上海市奉贤区平安海港红庄村12组1232号,021-57542317,201413,张秀英,无,71310120596410667J
基督教,奉贤区基督教农展耶稣堂,寺观教堂,奉贤区,上海市奉贤区海港开发区农展村1组101号,021-57542285,201413,黄秀红,无,713101205964107551
基督教,奉贤区基督教南桥耶稣堂,寺观教堂,奉贤区,上海市奉贤区南桥镇南奉公路8509弄10号,021-67180496,201400,金亚芳,无,713101205964175949
基督教,奉贤区基督教泰日恩光堂,寺观教堂,奉贤区,上海市奉贤区金汇镇泰日社区梅园村551号,021-57581551,201405,李华,无,71310120596410763U
基督教,奉贤区基督教金汇耶稣堂,寺观教堂,奉贤区,上海市奉贤区金汇镇金星村455号,021-57483017,201404,王芳,无,71310120741185815J
基督教,奉贤区基督教胡桥锡安堂,固定处所,奉贤区,上海市奉贤区柘林镇胡桥社区大树村1组132号,021-57452691,201417,康水华,无,7131012059641756XK
基督教,奉贤区基督教洪庙鸿恩堂,寺观教堂,奉贤区,上海市奉贤区奉城镇洪庙社区洪北村4组501号,021-57138296,201411,陆菊仙,无,71310120596410958M
基督教,奉贤区基督教光明耶稣堂,寺观教堂,奉贤区,上海市奉贤区南桥镇杨王社区村牌村832号,021-37517469,201406,金美莲,无,713101205964106913
基督教,奉贤区基督教奉城耶稣堂,寺观教堂,奉贤区,上海市奉贤区奉城镇南街村451号,021-57521046,201411,李丹丹,无,71310120596417252X
基督教,奉贤区基督教泰日陆厍堂,寺观教堂,奉贤区,上海市奉贤区金汇镇南陈村936号,021-57584212,201405,乔水英,无,71310120753184799Q
基督教,奉贤区基督教长堤耶稣堂,寺观教堂,奉贤区,上海市奉贤区庄行镇长堤村10组,021-57468407,201415,钱桂芳,无,71310120596417316U
基督教,奉贤区基督教庄行真光堂,寺观教堂,奉贤区,上海市奉贤区庄行镇庄北村301号,021-57468268,201415,何爱明,无,71310120596410720E
基督教,奉贤区基督教朱新耶稣堂,寺观教堂,奉贤区,上海市奉贤区奉城镇朱新村304号,021-57132162,201411,黄红娟,无,71310120596410704Q
基督教,奉贤区基督教柘林三一堂,寺观教堂,奉贤区,上海市奉贤区化工分区冯桥村10组,021-57445913,201424,陈莉,无,713101205964174718
基督教,奉贤区基督教西渡永生堂,寺观教堂,奉贤区,上海市奉贤区奉金公路758号,021-57430094,201401,潘群莲,无,713101204249175096
基督教,奉贤区基督教海湾耶稣堂,固定处所,奉贤区,上海市奉贤区海湾镇星火海振路2125弄10号,021-57502231,201419,钱瑛,无,71310120596417447P
佛教（汉语系）,上海东海观音寺,固定处所,奉贤区,上海市奉贤区海湾旅游区金汇塘路999号,021-57123999,201418,慧芝,无,71310120560165006Y
佛教（汉语系）,奉贤区旃檀禅院,寺观教堂,奉贤区,上海市奉贤区金汇镇西街1158号,021-57482018,201404,果圣,无,71310120557400730M
佛教（汉语系）,上海小普陀观音禅院,固定处所,奉贤区,上海市奉贤区奉柘公路5500号,021-57445692,201424,悟继,无,713101203589223685
佛教（汉语系）,上海奉贤万佛阁,寺观教堂,奉贤区,上海市奉贤区奉城镇万佛阁路9号,021-57522936,201411,性康,市县级文物保护单位,71310120737482892N
佛教（汉语系）,上海市奉贤区文殊阁,固定处所,奉贤区,上海市奉贤区金汇镇齐贤社区白沙村3组,021-57522936,201411,隆妙,无,7131012057267879X0
佛教（汉语系）,上海市奉贤区洪福禅寺,寺观教堂,奉贤区,上海市奉贤区奉城镇洪庙唐城街303号,021-57132124,201411,本如,无,71310120425175834C
佛教（汉语系）,奉贤区二严寺,寺观教堂,奉贤区,上海市奉贤区沪杭公路1749号,021—67100214,201499,智能,无,71310120424917525U
佛教（汉语系）,上海市奉贤区报恩寺,固定处所,奉贤区,上海市奉贤区青村镇沿钱公路4366号,021-57565403,201414,智祥,无,71310120588705975W
佛教（汉语系）,上海市奉贤区保境禅寺,寺观教堂,奉贤区,上海市奉贤区奉柘公路3398号,021-57598412,201407,印明,无,71310120588711638U
天主教,上海奉贤区塘外天主堂,寺观教堂,奉贤区,上海市奉贤区奉城镇塘外社区人民路128弄2号,021-57170264,201408,余稼轩,无,71310120312173592W
天主教,上海奉贤区青村天主堂,寺观教堂,奉贤区,上海市奉贤区青村镇南奉公路2895号,021-57560451,201414,余稼轩,无,713101203121736480
天主教,南桥天主堂,寺观教堂,奉贤区,上海市奉贤区南桥镇新建中路558号,021-57412560,201499,卢庆林,市县级文物保护单位,71310120MCU1816399
天主教,上海奉贤区李家桥天主堂,固定处所,奉贤区,上海市奉贤区奉城镇头桥社区朝阳村21组,无,201409,李纲耀,无,71310120MCU18176X0
天主教,上海奉贤区泰日天主堂,寺观教堂,奉贤区,上海市奉贤区金汇镇泰日社区明星村6组,021-57584330,201405,李纲耀,无,71310120MCU18184XK
天主教,上海奉贤区庄家桥天主堂,固定处所,奉贤区,上海市奉贤区金汇镇泰日社区光星村11组,无,201405,李纲耀,无,71310120MCU1818749
天主教,上海市奉贤区南桥圣安德肋堂,固定处所,奉贤区,上海市奉贤区南桥镇南奉公路浦星路,021-57412560,201406,卢庆林,无,71310120MCU181997A
天主教,上海市奉贤区朱庄天主堂,寺观教堂,奉贤区,上海市奉贤区柘林镇金海村翁家9组,021-33653033,201416,卢庆林,无,71310120MCU182033U
天主教,上海市奉贤区柘林天主圣三堂,固定处所,奉贤区,上海市奉贤区柘林镇东海121组,无,201424,卢庆林,无,71310120MCU1820769
天主教,上海奉贤区平安天主堂,寺观教堂,奉贤区,上海市奉贤区四团镇平安社区平禄路89,021-57541682,201413,杜仁元,无,71310120MCU182113F
天主教,上海市奉贤区南桥圣伯多禄堂,固定处所,奉贤区,上海市奉贤区南桥新城百富路,无,201499,卢庆林,无,71310120MCU182121A
天主教,上海市奉贤区柘林耶稣升天堂,固定处所,奉贤区,上海市奉贤区柘林镇沪杭公路寺胡路,无,201417,卢庆林,全国重点文物保护单位,71310120MCU182324Y
基督教,崇明区基督教长江聚会点,固定处所,崇明区,上海市崇明区长江农场原电子仪器厂生活区,021-59666917,202153,陈锐兰,无,7131015155594702XM
基督教,崇明区基督教丰恩堂,寺观教堂,崇明区,上海市崇明区长兴镇长月牙港路金淼路,15721077417,201913,刘士珍,无,71310151756111405M
基督教,崇明区基督教合作聚会点,固定处所,崇明区,上海市崇明区庙镇保安村10组,021-59382054,202153,周静,无,713101515821119499
基督教,崇明区三星基督教堂,寺观教堂,崇明区,上海市崇明区三星镇纯阳村7队,021-59609471,202152,徐杏英,无,71310151768381015R
基督教,崇明区基督教合心聚会点,固定处所,崇明区,上海市崇明区长兴镇合心村2组100号,021-56855004,201913,刘志英,无,71310151424866895X
基督教,崇明区新村基督教堂,寺观教堂,崇明区,上海市崇明区新村乡新浜村1480号,021-59651440,202172,顾秀兰,无,71310151768764243J
基督教,崇明区基督教跃进聚会点,固定处所,崇明区,上海市崇明区跃进农场279号,无,202071,朱立平,无,713101513511379491
基督教,崇明区城东基督教堂,寺观教堂,崇明区,上海市崇明区城桥镇候东村5组,021-59365513,202150,沈玉萍,无,71310151579125485J
基督教,崇明区汲浜耶稣堂,寺观教堂,崇明区,上海市崇明区中兴镇永隆村1928号,021-69441102,202163,朱靓,无,713101516916307562
基督教,崇明区庙镇基督教堂,寺观教堂,崇明区,上海市崇明区庙镇庙南北路248号,021-59365513,202153,周建忠,无,71310151577465988J
基督教,崇明区堡镇基督教堂,寺观教堂,崇明区,上海市崇明区堡镇营房村470号,021-39662110,202157,蔡建国,无,71310151577451148C
基督教,崇明区崇主堂,寺观教堂,崇明区,上海市崇明区城桥镇周家弄,021-69626566,202150,陈美金,无,713101517672419344
基督教,崇明区港西基督教堂,寺观教堂,崇明区,上海市崇明区港西镇协兴村5组,021-59677715,202154,周静,无,71310151580593366A
基督教,崇明区基督教新河聚会点,固定处所,崇明区,上海市崇明区新河镇兴教村11队,18901615978,202156,郁菊萍,无,71310151MCU077540N
基督教,崇明区基督教绿华聚会点,固定处所,崇明区,上海市崇明区绿华镇华星村城北617号,021-59351226,202151,徐杏英,无,71310151MCU077559K
基督教,崇明区基督教横沙聚会点,固定处所,崇明区,上海市崇明区长兴乡永发1队,021-56892150,201914,陈美,无,71310151MCU077567E
基督教,崇明区基督教港沿聚会点,固定处所,崇明区,上海市崇明区港沿镇齐成村齐村10队,021－59426100,202158,蔡建国,无,71310151MCU0775759
基督教,崇明区基督教陈家镇聚会点,固定处所,崇明区,上海市崇明区陈家镇陈南村,021-69441102,202162,朱靓,无,71310151MCU0775834
佛教（汉语系）,崇明县云林寺,寺观教堂,崇明区,上海市崇明区堡镇登瀛村,021-59450090,202159,仁来,无,71310151774770076P
佛教（汉语系）,崇明县无为寺,寺观教堂,崇明区,上海市崇明县庙镇米洪村,021-59364986,202153,玄洪,无,71310151768378764E
佛教（汉语系）,崇明县天后宫,寺观教堂,崇明区,上海市崇明县城桥镇施翘河,021-59619065,202150,妙一,无,71310151798927955K
佛教（汉语系）,崇明县寿安寺,寺观教堂,崇明区,上海市崇明县涛声路1188号,021-69698981,202150,惟觉,市县级文物保护单位,7131015175855703XD
佛教（汉语系）,崇明县慎修庵,寺观教堂,崇明区,上海市崇明县港西镇静南村,021-59678192,202154,见华,无,71310151766945868N
佛教（汉语系）,崇明县三佛讲寺,固定处所,崇明区,上海市崇明县陈家镇鸿田村,15801863221,202162,乘一,无,71310151685494743L
佛教（汉语系）,崇明县清净庵,寺观教堂,崇明区,上海市崇明县陈家镇德云村,021-59402229,202162,羡圣,无,713101517655570039
佛教（汉语系）,崇明县弥陀院,固定处所,崇明区,上海市崇明县堡镇彷徨村,021-59452147,202157,惟因,无,71310151558768991D
佛教（汉语系）,崇明县觉莲净苑,固定处所,崇明区,上海市崇明县向化镇米新村,021-59447383,202161,星觉,无,71310151558753589J
佛教（汉语系）,崇明县静修寺,寺观教堂,崇明区,上海市崇明县横沙乡民生十组,021-56890466,201914,星源,无,71310151425155905F
佛教（汉语系）,崇明县寒山寺,寺观教堂,崇明区,上海市崇明县城桥镇东门路187号,021-59626211,202150,演煊,无,71310151767920347P
佛教（汉语系）,崇明县广良寺,寺观教堂,崇明区,上海市崇明县陈家镇裕安村,021-59402329,202162,隆飞,无,713101517381105212
佛教（汉语系）,崇明县广福寺,寺观教堂,崇明区,上海市崇明县中兴镇中兴村,021-69445451,202163,玄光,无,713101517611931344
佛教（汉语系）,崇明县观音庵,寺观教堂,崇明区,上海市崇明区堡镇南路83号,021-59420372,202157,正兴,无,713101517585509895
佛教（汉语系）,上海崇明区镇海寺,固定处所,崇明区,上海市崇明区坚新镇仙桥923号,021-69696905,202179,印照,无,71310151071248652Y
佛教（汉语系）,崇明县安乐院,寺观教堂,崇明区,上海市崇明县陈家镇协隆村,021-69430271,202162,妙相,无,7131015179890573XJ
佛教（汉语系）,崇明县缘觉寺,固定处所,崇明区,上海市崇明区长兴镇先丰村凤西路802号,021-56855225,201913,静智,无,71310151051291549X
天主教,崇明大公所天主堂,寺观教堂,崇明区,上海市崇明区港沿镇骏马村,021-59461272,202158,黄政平,无,713101514250183028
天主教,崇明长兴天主堂,寺观教堂,崇明区,上海市崇明区长兴镇潘圆公路1650号,021-56851259,201913,俞健,无,713101513589240050
天主教,崇明十字架堂,寺观教堂,崇明区,上海市崇明区三星镇东安村,021-59602293,202152,范亚强,无,7131015135892518XF
天主教,崇明高宅蔡天主堂,寺观教堂,崇明区,上海市崇明区向化镇春光村,021-59440705,202161,申旭东,无,713101517757591273
天主教,崇明马尔谷天主堂,固定处所,崇明区,上海市崇明区建设镇运南村,无,202157,张永正,无,71310151MCU1824985
天主教,崇明新开河天主堂,寺观教堂,崇明区,上海市崇明区新河镇民主街180号,021-59687437,202156,张永正,无,71310151MCU1825436
天主教,崇明横沙天主堂,寺观教堂,崇明区,上海市崇明区横沙乡丰乐镇,021-56893302,201914,王慎养,无,71310151MCU18256XQ
天主教,崇明西满堂,寺观教堂,崇明区,上海市崇明区港西镇北双村,021-59602293,202154,范亚强,无,71310151MCU182594E
天主教,崇明天神堂,寺观教堂,崇明区,上海市崇明区堡镇凯风村,021-59466426,202157,黄政平,无,71310151MCU182623R
天主教,崇明若翰堂,寺观教堂,崇明区,上海市崇明区堡镇强民路,021-59406215,202157,申旭东,无,71310151MCU182631L
天主教,崇明若瑟堂,寺观教堂,崇明区,上海市崇明区堡镇强民路,021-59416801,202157,黄政平,无,71310151MCU18264XC